<?xml version="1.0" encoding="UTF-8"?>
<ListNomPropre>
    <NPr>A Pralognan</NPr>
    <NPr>Vanoise</NPr>
    <NPr>Petit Mont Blanc</NPr>
    <NPr>Passer</NPr>
    <NPr>Barioz</NPr>
    <NPr>Bieux</NPr>
    <NPr>On</NPr>
    <NPr>G</NPr>
    <NPr>R</NPr>
    <NPr>Fontanettes</NPr>
    <NPr>Le</NPr>
    <NPr>Barmettes</NPr>
    <NPr>Poursuivre</NPr>
    <NPr>Gli</NPr>
    <NPr>Arriv</NPr>
    <NPr>Gli</NPr>
    <NPr>Moriond</NPr>
    <NPr>Plus</NPr>
    <NPr>Chanton</NPr>
    <NPr>Peu</NPr>
    <NPr>Vaches</NPr>
    <NPr>Le</NPr>
    <NPr>Vaches</NPr>
    <NPr>Grande Casse</NPr>
    <NPr>Au</NPr>
    <NPr>A</NPr>
    <NPr>Pointe</NPr>
    <NPr>Creux Noir</NPr>
    <NPr>Long</NPr>
    <NPr>On</NPr>
    <NPr>Col</NPr>
    <NPr>Vanoise</NPr>
    <NPr>Continuer</NPr>
    <NPr>G</NPr>
    <NPr>R</NPr>
    <NPr>Un</NPr>
    <NPr>Lac Rond</NPr>
    <NPr>Plus</NPr>
    <NPr>On</NPr>
    <NPr>Croe-Vie</NPr>
    <NPr>Descendre</NPr>
    <NPr>A</NPr>
    <NPr>Entre-Deux-Eaux</NPr>
    <NPr>G</NPr>
    <NPr>R</NPr>
    <NPr>Suivre</NPr>
    <NPr>Leisse</NPr>
    <NPr>Cette</NPr>
    <NPr>Au</NPr>
    <NPr>Leisse</NPr>
    <NPr>Voil</NPr>
</ListNomPropre>
