<?xml version="1.0" encoding="UTF-8"?>
<ListNomPropre>
    <NPr>D</NPr>
    <NPr>Juste</NPr>
    <NPr>Choriste</NPr>
    <NPr>Rapha</NPr>
    <NPr>Plot</NPr>
    <NPr>De</NPr>
    <NPr>Saint-Jacques</NPr>
    <NPr>Capucins</NPr>
    <NPr>Compostelle</NPr>
    <NPr>A</NPr>
    <NPr>Capucins</NPr>
    <NPr>Apr</NPr>
    <NPr>Fontanille</NPr>
    <NPr>Continuer</NPr>
    <NPr>Pouvignac</NPr>
    <NPr>Au</NPr>
    <NPr>Passez</NPr>
    <NPr>Rester</NPr>
    <NPr>D</NPr>
    <NPr>La</NPr>
    <NPr>L</NPr>
    <NPr>G</NPr>
    <NPr>R</NPr>
    <NPr>Saint-Privat</NPr>
    <NPr>Apr</NPr>
    <NPr>D</NPr>
    <NPr>La Roche</NPr>
    <NPr>A</NPr>
    <NPr>Au</NPr>
    <NPr>G</NPr>
    <NPr>R</NPr>
    <NPr>D</NPr>
    <NPr>Saint-Christophe</NPr>
    <NPr>Dolaison</NPr>
    <NPr>Poursuivre</NPr>
    <NPr>Puis</NPr>
    <NPr>Face</NPr>
    <NPr>Traverser</NPr>
    <NPr>Tallode</NPr>
    <NPr>Liac</NPr>
    <NPr>Lic</NPr>
    <NPr>G</NPr>
    <NPr>R</NPr>
    <NPr>Vous</NPr>
    <NPr>Ramourouscle</NPr>
    <NPr>Au</NPr>
    <NPr>Suivre</NPr>
    <NPr>Saint-Roch</NPr>
    <NPr>Traverser Monbonnet</NPr>
    <NPr>D</NPr>
    <NPr>La</NPr>
    <NPr>Traverser</NPr>
    <NPr>Prendre</NPr>
    <NPr>Arriver</NPr>
    <NPr>P</NPr>
    <NPr>G</NPr>
    <NPr>R</NPr>
    <NPr>Vous</NPr>
    <NPr>Oeuf</NPr>
    <NPr>D</NPr>
    <NPr>La</NPr>
    <NPr>Continuer</NPr>
    <NPr>Il</NPr>
    <NPr>Couper</NPr>
    <NPr>D</NPr>
    <NPr>Chier</NPr>
    <NPr>Traverser</NPr>
    <NPr>D</NPr>
    <NPr>D</NPr>
    <NPr>Saint-Privat</NPr>
    <NPr>Allier</NPr>
    <NPr>Dirigez</NPr>
    <NPr>Jobert</NPr>
    <NPr>Puy</NPr>
    <NPr>Velay</NPr>
</ListNomPropre>
