<?xml version="1.0" encoding="UTF-8"?>
<ListNomPropre>
    <NPr>Pour</NPr>
    <NPr>Voza</NPr>
    <NPr>Bellevue</NPr>
    <NPr>A</NPr>
    <NPr>Mont-Blanc</NPr>
    <NPr>Apr</NPr>
    <NPr>Ce</NPr>
    <NPr>Bionassay</NPr>
    <NPr>De</NPr>
    <NPr>La</NPr>
    <NPr>Tricot</NPr>
    <NPr>Au</NPr>
    <NPr>Miage</NPr>
    <NPr>En</NPr>
    <NPr>Miage</NPr>
    <NPr>Des</NPr>
    <NPr>Miage</NPr>
    <NPr>Miage</NPr>
    <NPr>T</NPr>
    <NPr>M</NPr>
    <NPr>B</NPr>
    <NPr>Mont Truc</NPr>
    <NPr>Truc</NPr>
    <NPr>Nous</NPr>
    <NPr>T</NPr>
    <NPr>M</NPr>
    <NPr>B</NPr>
    <NPr>Champelet</NPr>
    <NPr>T</NPr>
    <NPr>M</NPr>
    <NPr>B</NPr>
    <NPr>Je</NPr>
    <NPr>Truc</NPr>
    <NPr>Rester</NPr>
    <NPr>Laisser</NPr>
    <NPr>G</NPr>
    <NPr>R T</NPr>
    <NPr>P</NPr>
    <NPr>M</NPr>
    <NPr>B</NPr>
    <NPr>Frasse</NPr>
    <NPr>Pour</NPr>
    <NPr>Contamines-Monjoie</NPr>
    <NPr>Prendre</NPr>
    <NPr>D</NPr>
    <NPr>Traverser</NPr>
    <NPr>Bon Nant</NPr>
    <NPr>Loyers</NPr>
    <NPr>Longer</NPr>
    <NPr>On</NPr>
    <NPr>Bon Nant</NPr>
    <NPr>Aussit</NPr>
    <NPr>On</NPr>
    <NPr>Retraverser</NPr>
    <NPr>On</NPr>
    <NPr>Pontet</NPr>
</ListNomPropre>
