<?xml version="1.0" encoding="UTF-8"?>
<ListNomPropre>
    <NPr>Au</NPr>
    <NPr>Leisse</NPr>
    <NPr>Leisse</NPr>
    <NPr>G</NPr>
    <NPr>R</NPr>
    <NPr>Contourner</NPr>
    <NPr>Nettes</NPr>
    <NPr>Un</NPr>
    <NPr>Nettes</NPr>
    <NPr>Tout</NPr>
    <NPr>Leisse</NPr>
    <NPr>Fresse</NPr>
    <NPr>Un</NPr>
    <NPr>Val Claret</NPr>
    <NPr>Pour</NPr>
    <NPr>Leisse</NPr>
    <NPr>G</NPr>
    <NPr>R</NPr>
    <NPr>Ce</NPr>
    <NPr>Val Claret</NPr>
    <NPr>Commence</NPr>
    <NPr>Lognan</NPr>
    <NPr>G</NPr>
    <NPr>R</NPr>
    <NPr>Prendre</NPr>
    <NPr>Palet</NPr>
    <NPr>G</NPr>
    <NPr>R</NPr>
    <NPr>Peu</NPr>
    <NPr>Palet</NPr>
    <NPr>Vous</NPr>
</ListNomPropre>
