<?xml version="1.0" encoding="UTF-8"?>
<ListNomPropre>
    <NPr>Du</NPr>
    <NPr>Elisabetta</NPr>
    <NPr>Apr</NPr>
    <NPr>On</NPr>
    <NPr>Combal</NPr>
    <NPr>La</NPr>
    <NPr>Juste</NPr>
    <NPr>Arp Vieille Inf</NPr>
    <NPr>Sup</NPr>
    <NPr>La</NPr>
    <NPr>Mont Favre</NPr>
    <NPr>Mont-Blanc</NPr>
    <NPr>Estelette</NPr>
    <NPr>L</NPr>
    <NPr>Blanche</NPr>
    <NPr>Miage</NPr>
    <NPr>Brouillard</NPr>
    <NPr>Fr</NPr>
    <NPr>Brenva</NPr>
    <NPr>Plus</NPr>
    <NPr>A</NPr>
    <NPr>Refuge</NPr>
    <NPr>Maison</NPr>
    <NPr>Au</NPr>
    <NPr>T</NPr>
    <NPr>M</NPr>
    <NPr>B</NPr>
    <NPr>Nous</NPr>
    <NPr>Pra Neyron</NPr>
    <NPr>Descente</NPr>
    <NPr>On</NPr>
    <NPr>Plan Ch</NPr>
    <NPr>Courmayeur</NPr>
    <NPr>Toujours</NPr>
    <NPr>On</NPr>
    <NPr>T</NPr>
    <NPr>M</NPr>
    <NPr>B</NPr>
    <NPr>Dans</NPr>
    <NPr>T</NPr>
    <NPr>M</NPr>
    <NPr>B</NPr>
    <NPr>On</NPr>
    <NPr>Dolonne</NPr>
    <NPr>T</NPr>
    <NPr>M</NPr>
    <NPr>B</NPr>
    <NPr>Doire</NPr>
    <NPr>On</NPr>
    <NPr>Courmayeur</NPr>
    <NPr>De</NPr>
    <NPr>T</NPr>
    <NPr>M</NPr>
    <NPr>B</NPr>
    <NPr>Bertone</NPr>
    <NPr>Val Ferret</NPr>
    <NPr>Les</NPr>
    <NPr>Jorasses</NPr>
    <NPr>Plampincieux</NPr>
</ListNomPropre>
