<?xml version="1.0" encoding="UTF-8"?>
<ListNomPropre>
    <NPr>T</NPr>
    <NPr>M</NPr>
    <NPr>B</NPr>
    <NPr>Col</NPr>
    <NPr>Forclaz</NPr>
    <NPr>Montroc</NPr>
    <NPr>Du</NPr>
    <NPr>Prendre</NPr>
    <NPr>Trient</NPr>
    <NPr>Traverser</NPr>
    <NPr>Nationale</NPr>
    <NPr>Arriv</NPr>
    <NPr>Trient</NPr>
    <NPr>Nationale</NPr>
    <NPr>Trient</NPr>
    <NPr>Traverser</NPr>
    <NPr>Nant Noir</NPr>
    <NPr>Balme</NPr>
    <NPr>Le</NPr>
    <NPr>Col</NPr>
    <NPr>Balme</NPr>
    <NPr>Le</NPr>
    <NPr>Nant Noir</NPr>
    <NPr>Herbag</NPr>
    <NPr>On</NPr>
    <NPr>Belle</NPr>
    <NPr>Mont-Blanc</NPr>
    <NPr>Chamonix</NPr>
    <NPr>Emprunter</NPr>
    <NPr>Posettes</NPr>
    <NPr>Balme</NPr>
    <NPr>Balme</NPr>
    <NPr>Arriv</NPr>
    <NPr>Posettes</NPr>
    <NPr>Balme</NPr>
    <NPr>T</NPr>
    <NPr>M</NPr>
    <NPr>B</NPr>
    <NPr>Rester</NPr>
    <NPr>On</NPr>
    <NPr>Tr</NPr>
    <NPr>Champ</NPr>
    <NPr>On</NPr>
    <NPr>T</NPr>
    <NPr>M</NPr>
    <NPr>B</NPr>
    <NPr>Le</NPr>
    <NPr>Au</NPr>
    <NPr>Chaleigne</NPr>
    <NPr>T</NPr>
    <NPr>M</NPr>
    <NPr>B</NPr>
    <NPr>Apr</NPr>
    <NPr>T</NPr>
    <NPr>M</NPr>
    <NPr>B</NPr>
    <NPr>Montroc</NPr>
    <NPr>On</NPr>
    <NPr>Un</NPr>
    <NPr>On</NPr>
    <NPr>Tr</NPr>
    <NPr>Champ Bas</NPr>
    <NPr>Cutes</NPr>
    <NPr>Juste</NPr>
    <NPr>Montroc</NPr>
    <NPr>Chamonix</NPr>
    <NPr>Fin</NPr>
    <NPr>T</NPr>
    <NPr>M</NPr>
    <NPr>B</NPr>
    <NPr>Val Ferret</NPr>
    <NPr>Br</NPr>
</ListNomPropre>
