<?xml version="1.0" encoding="UTF-8"?>
<ListNomPropre>
    <NPr>D</NPr>
    <NPr>Hennebont</NPr>
    <NPr>Suivre</NPr>
    <NPr>Blavet</NPr>
    <NPr>A</NPr>
    <NPr>Port-Louis</NPr>
    <NPr>Blavet</NPr>
    <NPr>Puis</NPr>
    <NPr>Kerihouais</NPr>
    <NPr>Continuer</NPr>
    <NPr>Une</NPr>
    <NPr>Traverser</NPr>
    <NPr>Cela</NPr>
    <NPr>Continuer</NPr>
    <NPr>Saint-Antoine</NPr>
    <NPr>Prendre</NPr>
    <NPr>D</NPr>
    <NPr>Une</NPr>
    <NPr>Saint-Gilles</NPr>
    <NPr>Traverser</NPr>
    <NPr>Braigno</NPr>
    <NPr>Apr</NPr>
    <NPr>Kerhu</NPr>
    <NPr>Saint-Gilles</NPr>
    <NPr>Prendre</NPr>
    <NPr>Kerhu</NPr>
    <NPr>Saint-Germain</NPr>
    <NPr>Au</NPr>
    <NPr>Ce</NPr>
    <NPr>D</NPr>
    <NPr>Traverser</NPr>
    <NPr>Passer</NPr>
    <NPr>Cette</NPr>
    <NPr>Quelennec</NPr>
    <NPr>Prendre</NPr>
    <NPr>Lochrist</NPr>
    <NPr>Arriv</NPr>
    <NPr>Lochrist</NPr>
    <NPr>Blavet</NPr>
    <NPr>Locastel</NPr>
    <NPr>Possibilit</NPr>
    <NPr>Quitter</NPr>
    <NPr>Blavet</NPr>
    <NPr>Monter</NPr>
    <NPr>En</NPr>
    <NPr>Blavet</NPr>
    <NPr>Grand</NPr>
    <NPr>Hennebont</NPr>
    <NPr>Si</NPr>
    <NPr>Grand</NPr>
    <NPr>Continuer</NPr>
    <NPr>Ce</NPr>
    <NPr>Poursuivre</NPr>
</ListNomPropre>
