<?xml version="1.0" encoding="UTF-8"?>
<ListNomPropre>
    <NPr>D</NPr>
    <NPr>Merrien</NPr>
    <NPr>Autre</NPr>
    <NPr>Kers</NPr>
    <NPr>Du</NPr>
    <NPr>S</NPr>
    <NPr>Passer</NPr>
    <NPr>Kers</NPr>
    <NPr>Port Bali</NPr>
    <NPr>Portec</NPr>
    <NPr>Continuer</NPr>
    <NPr>Porz Lamat</NPr>
    <NPr>Apr</NPr>
    <NPr>Suivre</NPr>
    <NPr>Keramplan</NPr>
    <NPr>St Thumec</NPr>
    <NPr>Continuer</NPr>
    <NPr>Dans</NPr>
    <NPr>Penn</NPr>
    <NPr>Herry</NPr>
    <NPr>Suivre</NPr>
    <NPr>Bois</NPr>
    <NPr>A</NPr>
    <NPr>Merrien</NPr>
    <NPr>Prendre</NPr>
    <NPr>Apr</NPr>
    <NPr>Pen</NPr>
    <NPr>Prat</NPr>
    <NPr>Descendre</NPr>
    <NPr>Le</NPr>
    <NPr>Moulin L</NPr>
    <NPr>Face</NPr>
    <NPr>Merrien</NPr>
    <NPr>Avant</NPr>
    <NPr>Au</NPr>
</ListNomPropre>
