<?xml version="1.0" encoding="UTF-8"?>
<ListNomPropre>
    <NPr>B</NPr>
    <NPr>E</NPr>
    <NPr>U</NPr>
    <NPr>Z</NPr>
    <NPr>E</NPr>
    <NPr>C-C</NPr>
    <NPr>A</NPr>
    <NPr>P-S</NPr>
    <NPr>I</NPr>
    <NPr>Z</NPr>
    <NPr>U</NPr>
    <NPr>N</NPr>
    <NPr>Pointe</NPr>
    <NPr>Millier
        Balisage</NPr>
    <NPr>Gr</NPr>
    <NPr>D</NPr>
    <NPr>Pointe</NPr>
    <NPr>Millier</NPr>
    <NPr>Au</NPr>
    <NPr>Millier</NPr>
    <NPr>K</NPr>
    <NPr>En</NPr>
    <NPr>St Conogan</NPr>
    <NPr>Le</NPr>
    <NPr>Virer</NPr>
    <NPr>Lillourien</NPr>
    <NPr>Lescogan</NPr>
    <NPr>St Conogan</NPr>
    <NPr>Au</NPr>
    <NPr>Apr</NPr>
    <NPr>Kersquivit</NPr>
    <NPr>Apr</NPr>
    <NPr>Kerbalannec</NPr>
    <NPr>Traverser</NPr>
    <NPr>Kerbalannec Vraz</NPr>
    <NPr>D</NPr>
    <NPr>Millier</NPr>
    <NPr>Poursuivre</NPr>
    <NPr>A</NPr>
    <NPr>Tourner</NPr>
    <NPr>D</NPr>
    <NPr>Pors P</NPr>
    <NPr>Apr</NPr>
    <NPr>Elle</NPr>
    <NPr>G</NPr>
    <NPr>R</NPr>
    <NPr>Le</NPr>
    <NPr>Millier</NPr>
    <NPr>En</NPr>
</ListNomPropre>
