<?xml version="1.0" encoding="UTF-8"?><ListNomPropre><Ponc/><Ponc/><Npr nom="Départ"/><Npr nom="Merrien"/><Ponc/><Npr nom="Autre"/><Npr nom="Kersécol"/><Ponc/><Ponc/><Ponc/><Npr nom="Du"/><Ponc/><Npr nom="S"/><Ponc/><Npr nom="Passer"/><Npr nom="Kersécol"/><Npr nom="Port Bali"/><Npr nom="Portec"/><Ponc/><Npr nom="Continuer"/><Npr nom="Porz Lamat"/><Ponc/><Ponc/><Ponc/><Npr nom="Après"/><Ponc/><Npr nom="Suivre"/><Npr nom="Keramplan"/><Npr nom="St Thumec"/><Ponc/><Npr nom="Continuer"/><Ponc/><Ponc/><Ponc/><Npr nom="Dans"/><Npr nom="Penn"/><Npr nom="Herry"/><Ponc/><Npr nom="Suivre"/><Npr nom="Bois"/><Ponc/><Npr nom="A"/><Npr nom="Merrien"/><Ponc/><Npr nom="Prendre"/><Ponc/><Ponc/><Ponc/><Npr nom="Après"/><Npr nom="Pen"/><Npr nom="Prat"/><Ponc/><Npr nom="Descendre"/><Ponc/><Npr nom="Le"/><Npr nom="Moulin L"/><Ponc/><Ponc/><Ponc/><Npr nom="Face"/><Npr nom="Merrien"/><Ponc/><Npr nom="Avant"/><Ponc/><Npr nom="Au"/><Ponc/><Ponc/><Ponc/><Ponc/><Ponc/></ListNomPropre>